PreferedSampleID,AlternateSampleID,RawDataPath,RawDataPath2
AP-141,AP-141,/seq/picard_aggregation/RP-2615.A10_AP-141_26749/WGS/AP-141/current/AP-141.bam,NA
AP-186,AP-186,/seq/picard_aggregation/RP-2615.A11_AP-186_26749/WGS/AP-186/current/AP-186.bam,NA
AP-187,AP-187,/seq/picard_aggregation/RP-2615.A12_AP-187_26749/WGS/AP-187/current/AP-187.bam,NA
AP-188,AP-188,/seq/picard_aggregation/RP-2615.B01_AP-188_26749/WGS/AP-188/current/AP-188.bam,NA
AP-189,AP-189,/seq/picard_aggregation/RP-2615.B02_AP-189_26749/WGS/AP-189/current/AP-189.bam,NA
AP-42,AP-042,/seq/picard_aggregation/RP-2615.A09_AP-42_26749/WGS/AP-42/current/AP-42.bam,NA
CON21-69,CON21-69,/seq/picard_aggregation/RP-2615.C06_CON21-69_26749/WGS/CON21-69/current/CON21-69.bam,NA
CON21-70,CON21-70,/seq/picard_aggregation/RP-2615.C07_CON21-70_26749/WGS/CON21-70/current/CON21-70.bam,NA
CON21-71,CON21-71,/seq/picard_aggregation/RP-2615.C08_CON21-71_26749/WGS/CON21-71/current/CON21-71.bam,NA
CON21-72,CON21-72,/seq/picard_aggregation/RP-2615.C09_CON21-72_26749/WGS/CON21-72/current/CON21-72.bam,NA
CON21-73,CON21-73,/seq/picard_aggregation/RP-2615.C10_CON21-73_26749/WGS/CON21-73/current/CON21-73.bam,NA
CON21-74,CON21-74,/seq/picard_aggregation/RP-2615.C11_CON21-74_26749/WGS/CON21-74/current/CON21-74.bam,NA
CON21-75,CON21-75,/seq/picard_aggregation/RP-2615.D08_CON21-75_26749/WGS/CON21-75/current/CON21-75.bam,NA
CON21-76,CON21-76,/seq/picard_aggregation/RP-2615.C12_CON21-76_26749/WGS/CON21-76/current/CON21-76.bam,NA
CON21-77,CON21-77,/seq/picard_aggregation/RP-2615.D01_CON21-77_26749/WGS/CON21-77/current/CON21-77.bam,NA
CON21-78,CON21-78,/seq/picard_aggregation/RP-2615.C02_CON21-78_26749/WGS/CON21-78/current/CON21-78.bam,NA
CON21-81,CON21-81,/seq/picard_aggregation/RP-2615.C03_CON21-81_26749/WGS/CON21-81/current/CON21-81.bam,NA
CON21-82,CON21-82,/seq/picard_aggregation/RP-2615.C04_CON21-82_26749/WGS/CON21-82/current/CON21-82.bam,NA
CON21-85,CON21-85,/seq/picard_aggregation/RP-2615.C05_CON21-85_26749/WGS/CON21-85/current/CON21-85.bam,NA
CON22-01,CON22-01,/seq/picard_aggregation/RP-2615.D02_CON22-01_26749/WGS/CON22-01/current/CON22-01.bam,NA
CON22-02,CON22-02,/seq/picard_aggregation/RP-2615.D03_CON22-02_26749/WGS/CON22-02/current/CON22-02.bam,NA
CON22-03,CON22-03,/seq/picard_aggregation/RP-2615.D04_CON22-03_26749/WGS/CON22-03/current/CON22-03.bam,NA
CON22-04,CON22-04,/seq/picard_aggregation/RP-2615.D05_CON22-04_26749/WGS/CON22-04/current/CON22-04.bam,NA
CON22-05,CON22-05,/seq/picard_aggregation/RP-2615.D06_CON22-05_26749/WGS/CON22-05/current/CON22-05.bam,NA
CON22-06,CON22-06,/seq/picard_aggregation/RP-2615.D07_CON22-06_26749/WGS/CON22-06/current/CON22-06.bam,NA
CON22-07,CON22-07,/seq/picard_aggregation/RP-2615.D09_CON22-07_26749/WGS/CON22-07/current/CON22-07.bam,NA
CON22-08,CON22-08,/seq/picard_aggregation/RP-2615.D10_CON22-08_26749/WGS/CON22-08/current/CON22-08.bam,NA
CON22-13,CON22-13,/seq/picard_aggregation/RP-2615.D11_CON22-13_26749/WGS/CON22-13/current/CON22-13.bam,NA
CON22-131,CON22-131,/seq/picard_aggregation/RP-2615.E04_CON22-131_26749/WGS/CON22-131/current/CON22-131.bam,NA
CON22-133,CON22-133,/seq/picard_aggregation/RP-2615.E05_CON22-133_26749/WGS/CON22-133/current/CON22-133.bam,NA
CON22-138,CON22-138,/seq/picard_aggregation/RP-2615.E06_CON22-138_26749/WGS/CON22-138/current/CON22-138.bam,NA
CON22-140,CON22-140,/seq/picard_aggregation/RP-2615.E07_CON22-140_26749/WGS/CON22-140/current/CON22-140.bam,NA
CON22-17,CON22-17,/seq/picard_aggregation/RP-2615.D12_CON22-17_26749/WGS/CON22-17/current/CON22-17.bam,NA
CON22-220,CON22-220,/seq/picard_aggregation/RP-2615.E08_CON22-220_26749/WGS/CON22-220/current/CON22-220.bam,NA
CON22-226,CON22-226,/seq/picard_aggregation/RP-2615.E09_CON22-226_26749/WGS/CON22-226/current/CON22-226.bam,NA
CON22-228,CON22-228,/seq/picard_aggregation/RP-2615.E10_CON22-228_26749/WGS/CON22-228/current/CON22-228.bam,NA
CON22-229,CON22-229,/seq/picard_aggregation/RP-2615.E11_CON22-229_26749/WGS/CON22-229/current/CON22-229.bam,NA
CON22-230,CON22-230,/seq/picard_aggregation/RP-2615.E12_CON22-230_26749/WGS/CON22-230/current/CON22-230.bam,NA
CON22-231,CON22-231,/seq/picard_aggregation/RP-2615.G05_CON22-231_26749/WGS/CON22-231/current/CON22-231.bam,NA
CON22-231,CON22-231,/seq/picard_aggregation/RP-2615.F01_CON22-231_26749/WGS/CON22-231/current/CON22-231.bam,NA
CON22-232,CON22-232,/seq/picard_aggregation/RP-2615.G06_CON22-232_26749/WGS/CON22-232/current/CON22-232.bam,NA
CON22-232,CON22-232,/seq/picard_aggregation/RP-2615.F02_CON22-232_26749/WGS/CON22-232/current/CON22-232.bam,NA
CON22-233,CON22-233,/seq/picard_aggregation/RP-2615.F03_CON22-233_26749/WGS/CON22-233/current/CON22-233.bam,NA
CON22-235,CON22-235,/seq/picard_aggregation/RP-2615.G07_CON22-235_26749/WGS/CON22-235/current/CON22-235.bam,NA
CON22-236,CON22-236,/seq/picard_aggregation/RP-2615.G08_CON22-236_26749/WGS/CON22-236/current/CON22-236.bam,NA
CON22-237,CON22-237,/seq/picard_aggregation/RP-2615.G09_CON22-237_26749/WGS/CON22-237/current/CON22-237.bam,NA
CON22-238,CON22-238,/seq/picard_aggregation/RP-2615.G10_CON22-238_26749/WGS/CON22-238/current/CON22-238.bam,NA
CON22-239,CON22-239,/seq/picard_aggregation/RP-2615.G11_CON22-239_26749/WGS/CON22-239/current/CON22-239.bam,NA
CON22-240,CON22-240,/seq/picard_aggregation/RP-2615.A02_CON22-240_26749/WGS/CON22-240/current/CON22-240.bam,NA
CON22-241,CON22-241,/seq/picard_aggregation/RP-2615.H01_CON22-241_26749/WGS/CON22-241/current/CON22-241.bam,NA
CON22-244,CON22-244,/seq/picard_aggregation/RP-2615.H02_CON22-244_26749/WGS/CON22-244/current/CON22-244.bam,NA
CON22-245,CON22-245,/seq/picard_aggregation/RP-2615.H03_CON22-245_26749/WGS/CON22-245/current/CON22-245.bam,NA
CON22-246,CON22-246,/seq/picard_aggregation/RP-2615.H04_CON22-246_26749/WGS/CON22-246/current/CON22-246.bam,NA
CON22-247,CON22-247,/seq/picard_aggregation/RP-2615.H05_CON22-247_26749/WGS/CON22-247/current/CON22-247.bam,NA
CON22-275,CON22-275,/seq/picard_aggregation/RP-2615.H06_CON22-275_26749/WGS/CON22-275/current/CON22-275.bam,NA
CON22-277,CON22-277,/seq/picard_aggregation/RP-2615.H07_CON22-277_26749/WGS/CON22-277/current/CON22-277.bam,NA
CON22-285,CON22-285,/seq/picard_aggregation/RP-2615.H08_CON22-285_26749/WGS/CON22-285/current/CON22-285.bam,NA
CON22-289,CON22-289,/seq/picard_aggregation/RP-2615.H09_CON22-289_26749/WGS/CON22-289/current/CON22-289.bam,NA
CON22-311,CON22-311,/seq/picard_aggregation/RP-2615.F04_CON22-311_26749/WGS/CON22-311/current/CON22-311.bam,NA
CON22-312,CON22-312,/seq/picard_aggregation/RP-2615.F05_CON22-312_26749/WGS/CON22-312/current/CON22-312.bam,NA
CON22-313,CON22-313,/seq/picard_aggregation/RP-2615.F06_CON22-313_26749/WGS/CON22-313/current/CON22-313.bam,NA
CON22-314,CON22-314,/seq/picard_aggregation/RP-2615.F07_CON22-314_26749/WGS/CON22-314/current/CON22-314.bam,NA
CON22-315,CON22-315,/seq/picard_aggregation/RP-2615.F08_CON22-315_26749/WGS/CON22-315/current/CON22-315.bam,NA
CON22-316,CON22-316,/seq/picard_aggregation/RP-2615.F09_CON22-316_26749/WGS/CON22-316/current/CON22-316.bam,NA
CON22-319,CON22-319,/seq/picard_aggregation/RP-2615.F10_CON22-319_26749/WGS/CON22-319/current/CON22-319.bam,NA
CON22-320,CON22-320,/seq/picard_aggregation/RP-2615.F11_CON22-320_26749/WGS/CON22-320/current/CON22-320.bam,NA
CON22-324,CON22-324,/seq/picard_aggregation/RP-2615.A03_CON22-324_26749/WGS/CON22-324/current/CON22-324.bam,NA
CON22-325,CON22-325,/seq/picard_aggregation/RP-2615.G01_CON22-325_26749/WGS/CON22-325/current/CON22-325.bam,NA
CON22-326,CON22-326,/seq/picard_aggregation/RP-2615.G02_CON22-326_26749/WGS/CON22-326/current/CON22-326.bam,NA
CON22-327,CON22-327,/seq/picard_aggregation/RP-2615.G03_CON22-327_26749/WGS/CON22-327/current/CON22-327.bam,NA
CON22-329,CON22-329,/seq/picard_aggregation/RP-2615.G04_CON22-329_26749/WGS/CON22-329/current/CON22-329.bam,NA
CON22-83,CON22-83,/seq/picard_aggregation/RP-2615.E01_CON22-83_26749/WGS/CON22-83/current/CON22-83.bam,NA
CON22-86,CON22-86,/seq/picard_aggregation/RP-2615.E02_CON22-86_26749/WGS/CON22-86/current/CON22-86.bam,NA
CON22-87,CON22-87,/seq/picard_aggregation/RP-2615.E03_CON22-87_26749/WGS/CON22-87/current/CON22-87.bam,NA
HRP0003,HRP0003,/seq/picard_aggregation/RP-2615.D11_HRP0003_26752/WGS/HRP0003/current/HRP0003.bam,NA
HRP0004,HRP0004,/seq/picard_aggregation/RP-2615.D12_HRP0004_26752/WGS/HRP0004/current/HRP0004.bam,NA
HRP0005,HRP0005,/seq/picard_aggregation/RP-2615.E01_HRP0005_26752/WGS/HRP0005/current/HRP0005.bam,NA
HRP0006,HRP0006,/seq/picard_aggregation/RP-2615.E02_HRP0006_26752/WGS/HRP0006/current/HRP0006.bam,NA
HRP0007,HRP0007,/seq/picard_aggregation/RP-2615.E03_HRP0007_26752/WGS/HRP0007/current/HRP0007.bam,NA
HRP0009,HRP0009,/seq/picard_aggregation/RP-2615.E04_HRP0009_26752/WGS/HRP0009/current/HRP0009.bam,NA
HRP0010,HRP0010,/seq/picard_aggregation/RP-2615.E05_HRP0010_26752/WGS/HRP0010/current/HRP0010.bam,NA
HRP0011,HRP0011,/seq/picard_aggregation/RP-2615.E06_HRP0011_26752/WGS/HRP0011/current/HRP0011.bam,NA
HRP0012,HRP0012,/seq/picard_aggregation/RP-2615.E07_HRP0012_26752/WGS/HRP0012/current/HRP0012.bam,NA
HRP0013,HRP0013,/seq/picard_aggregation/RP-2615.E08_HRP0013_26752/WGS/HRP0013/current/HRP0013.bam,NA
HRP0015,HRP0015,/seq/picard_aggregation/RP-2615.E09_HRP0015_26752/WGS/HRP0015/current/HRP0015.bam,NA
HRP0016,HRP0016,/seq/picard_aggregation/RP-2615.E10_HRP0016_26752/WGS/HRP0016/current/HRP0016.bam,NA
HRP0019,HRP0019,/seq/picard_aggregation/RP-2615.E12_HRP0019_26752/WGS/HRP0019/current/HRP0019.bam,NA
HRP0020,HRP0020,/seq/picard_aggregation/RP-2615.F01_HRP0020_26752/WGS/HRP0020/current/HRP0020.bam,NA
HRP0021,HRP0021,/seq/picard_aggregation/RP-2615.F02_HRP0021_26752/WGS/HRP0021/current/HRP0021.bam,NA
HRP0022,HRP0022,/seq/picard_aggregation/RP-2615.F03_HRP0022_26752/WGS/HRP0022/current/HRP0022.bam,NA
HRP0023,HRP0023,/seq/picard_aggregation/RP-2615.F04_HRP0023_26752/WGS/HRP0023/current/HRP0023.bam,NA
HRP0025,HRP0025,/seq/picard_aggregation/RP-2615.F05_HRP0025_26752/WGS/HRP0025/current/HRP0025.bam,NA
HRP0026,HRP0026,/seq/picard_aggregation/RP-2615.F06_HRP0026_26752/WGS/HRP0026/current/HRP0026.bam,NA
HRP0027,HRP0027,/seq/picard_aggregation/RP-2615.F07_HRP0027_26752/WGS/HRP0027/current/HRP0027.bam,NA
HRP0028,HRP0028,/seq/picard_aggregation/RP-2615.F08_HRP0028_26752/WGS/HRP0028/current/HRP0028.bam,NA
HRP0029,HRP0029,/seq/picard_aggregation/RP-2615.F09_HRP0029_26752/WGS/HRP0029/current/HRP0029.bam,NA
HRP0030,HRP0030,/seq/picard_aggregation/RP-2615.F10_HRP0030_26752/WGS/HRP0030/current/HRP0030.bam,NA
HRP0031,HRP0031,/seq/picard_aggregation/RP-2615.F11_HRP0031_26752/WGS/HRP0031/current/HRP0031.bam,NA
HRP0032,HRP0032,/seq/picard_aggregation/RP-2615.A02_HRP0032_26752/WGS/HRP0032/current/HRP0032.bam,NA
HRP0033,HRP0033,/seq/picard_aggregation/RP-2615.G01_HRP0033_26752/WGS/HRP0033/current/HRP0033.bam,NA
HRP0034,HRP0034,/seq/picard_aggregation/RP-2615.G02_HRP0034_26752/WGS/HRP0034/current/HRP0034.bam,NA
HRP0035,HRP0035,/seq/picard_aggregation/RP-2615.G03_HRP0035_26752/WGS/HRP0035/current/HRP0035.bam,NA
HRP0036,HRP0036,/seq/picard_aggregation/RP-2615.G04_HRP0036_26752/WGS/HRP0036/current/HRP0036.bam,NA
HRP0037,HRP0037,/seq/picard_aggregation/RP-2615.G05_HRP0037_26752/WGS/HRP0037/current/HRP0037.bam,NA
HRP0038,HRP0038,/seq/picard_aggregation/RP-2615.G06_HRP0038_26752/WGS/HRP0038/current/HRP0038.bam,NA
HRP0040,HRP0040,/seq/picard_aggregation/RP-2615.G07_HRP0040_26752/WGS/HRP0040/current/HRP0040.bam,NA
HRP0041,HRP0041,/seq/picard_aggregation/RP-2615.G08_HRP0041_26752/WGS/HRP0041/current/HRP0041.bam,NA
HRP0044,HRP0044,/seq/picard_aggregation/RP-2615.G09_HRP0044_26752/WGS/HRP0044/current/HRP0044.bam,NA
HRP0045,HRP0045,/seq/picard_aggregation/RP-2615.G10_HRP0045_26752/WGS/HRP0045/current/HRP0045.bam,NA
HRP0046,HRP0046,/seq/picard_aggregation/RP-2615.G11_HRP0046_26752/WGS/HRP0046/current/HRP0046.bam,NA
HRP0047,HRP0047,/seq/picard_aggregation/RP-2615.A03_HRP0047_26752/WGS/HRP0047/current/HRP0047.bam,NA
HRP0048,HRP0048,/seq/picard_aggregation/RP-2615.H01_HRP0048_26752/WGS/HRP0048/current/HRP0048.bam,NA
HRP0051,HRP0051,/seq/picard_aggregation/RP-2615.H02_HRP0051_26752/WGS/HRP0051/current/HRP0051.bam,NA
HRP0052,HRP0052,/seq/picard_aggregation/RP-2615.H03_HRP0052_26752/WGS/HRP0052/current/HRP0052.bam,NA
HRP0053,HRP0053,/seq/picard_aggregation/RP-2615.H04_HRP0053_26752/WGS/HRP0053/current/HRP0053.bam,NA
HRP0054,HRP0054,/seq/picard_aggregation/RP-2615.H05_HRP0054_26752/WGS/HRP0054/current/HRP0054.bam,NA
HRP0055,HRP0055,/seq/picard_aggregation/RP-2615.H06_HRP0055_26752/WGS/HRP0055/current/HRP0055.bam,NA
HRP0056,HRP0056,/seq/picard_aggregation/RP-2615.H07_HRP0056_26752/WGS/HRP0056/current/HRP0056.bam,NA
HRP0057,HRP0057,/seq/picard_aggregation/RP-2615.H08_HRP0057_26752/WGS/HRP0057/current/HRP0057.bam,NA
HRP0058,HRP0058,/seq/picard_aggregation/RP-2615.H09_HRP0058_26752/WGS/HRP0058/current/HRP0058.bam,NA
HRP0059,HRP0059,/seq/picard_aggregation/RP-2615.H10_HRP0059_26752/WGS/HRP0059/current/HRP0059.bam,NA
HRP0060,HRP0060,/seq/picard_aggregation/RP-2615.H11_HRP0060_26752/WGS/HRP0060/current/HRP0060.bam,NA
HRP0061,HRP0061,/seq/picard_aggregation/RP-2615.A01_HRP0061_26752/WGS/HRP0061/current/HRP0061.bam,NA
HRP0062,HRP0062,/seq/picard_aggregation/RP-2615.B08_HRP0062_26752/WGS/HRP0062/current/HRP0062.bam,NA
HRP0063,HRP0063,/seq/picard_aggregation/RP-2615.H11_HRP0063_26753/WGS/HRP0063/current/HRP0063.bam,NA
HRP0064,HRP0064,/seq/picard_aggregation/RP-2615.A01_HRP0064_26753/WGS/HRP0064/current/HRP0064.bam,NA
HRP0065,HRP0065,/seq/picard_aggregation/RP-2615.D07_HRP0065_26755/WGS/HRP0065/current/HRP0065.bam,NA
HRP0066,HRP0066,/seq/picard_aggregation/RP-2615.D08_HRP0066_26755/WGS/HRP0066/current/HRP0066.bam,NA
HRP0067,HRP0067,/seq/picard_aggregation/RP-2615.D09_HRP0067_26755/WGS/HRP0067/current/HRP0067.bam,NA
HRP0068,HRP0068,/seq/picard_aggregation/RP-2615.D10_HRP0068_26755/WGS/HRP0068/current/HRP0068.bam,NA
HRP0069,HRP0069,/seq/picard_aggregation/RP-2615.D11_HRP0069_26755/WGS/HRP0069/current/HRP0069.bam,NA
HRP0070,HRP0070,/seq/picard_aggregation/RP-2615.D12_HRP0070_26755/WGS/HRP0070/current/HRP0070.bam,NA
HRP0071,HRP0071,/seq/picard_aggregation/RP-2615.E01_HRP0071_26755/WGS/HRP0071/current/HRP0071.bam,NA
HRP0072,HRP0072,/seq/picard_aggregation/RP-2615.E02_HRP0072_26755/WGS/HRP0072/current/HRP0072.bam,NA
HRP0073,HRP0073,/seq/picard_aggregation/RP-2615.E03_HRP0073_26755/WGS/HRP0073/current/HRP0073.bam,NA
HRP0074,HRP0074,/seq/picard_aggregation/RP-2615.E04_HRP0074_26755/WGS/HRP0074/current/HRP0074.bam,NA
HRP0075,HRP0075,/seq/picard_aggregation/RP-2615.E05_HRP0075_26755/WGS/HRP0075/current/HRP0075.bam,NA
HRP0076,HRP0076,/seq/picard_aggregation/RP-2615.E06_HRP0076_26755/WGS/HRP0076/current/HRP0076.bam,NA
HRP0077,HRP0077,/seq/picard_aggregation/RP-2615.E07_HRP0077_26755/WGS/HRP0077/current/HRP0077.bam,NA
HRP0078,HRP0078,/seq/picard_aggregation/RP-2615.E08_HRP0078_26755/WGS/HRP0078/current/HRP0078.bam,NA
HRP0079,HRP0079,/seq/picard_aggregation/RP-2615.E09_HRP0079_26755/WGS/HRP0079/current/HRP0079.bam,NA
HRP0080,HRP0080,/seq/picard_aggregation/RP-2615.E10_HRP0080_26755/WGS/HRP0080/current/HRP0080.bam,NA
HRP0081,HRP0081,/seq/picard_aggregation/RP-2615.E11_HRP0081_26755/WGS/HRP0081/current/HRP0081.bam,NA
HRP0082,HRP0082,/seq/picard_aggregation/RP-2615.E12_HRP0082_26755/WGS/HRP0082/current/HRP0082.bam,NA
HRP0083,HRP0083,/seq/picard_aggregation/RP-2615.F01_HRP0083_26755/WGS/HRP0083/current/HRP0083.bam,NA
HRP0084,HRP0084,/seq/picard_aggregation/RP-2615.F02_HRP0084_26755/WGS/HRP0084/current/HRP0084.bam,NA
HRP0085,HRP0085,/seq/picard_aggregation/RP-2615.F03_HRP0085_26755/WGS/HRP0085/current/HRP0085.bam,NA
HRP0088,HRP0088,/seq/picard_aggregation/RP-2615.F05_HRP0088_26755/WGS/HRP0088/current/HRP0088.bam,NA
HRP0089,HRP0089,/seq/picard_aggregation/RP-2615.F06_HRP0089_26755/WGS/HRP0089/current/HRP0089.bam,NA
HRP0090,HRP0090,/seq/picard_aggregation/RP-2615.F07_HRP0090_26755/WGS/HRP0090/current/HRP0090.bam,NA
HRP0091,HRP0091,/seq/picard_aggregation/RP-2615.F08_HRP0091_26755/WGS/HRP0091/current/HRP0091.bam,NA
HRP0092,HRP0092,/seq/picard_aggregation/RP-2615.F09_HRP0092_26755/WGS/HRP0092/current/HRP0092.bam,NA
HRP0093,HRP0093,/seq/picard_aggregation/RP-2615.F10_HRP0093_26755/WGS/HRP0093/current/HRP0093.bam,NA
HRP0094,HRP0094,/seq/picard_aggregation/RP-2615.F11_HRP0094_26755/WGS/HRP0094/current/HRP0094.bam,NA
HRP0095,HRP0095,/seq/picard_aggregation/RP-2615.A01_HRP0095_26755/WGS/HRP0095/current/HRP0095.bam,NA
HRP0097,HRP0097,/seq/picard_aggregation/RP-2615.G01_HRP0097_26755/WGS/HRP0097/current/HRP0097.bam,NA
HRP0098,HRP0098,/seq/picard_aggregation/RP-2615.G02_HRP0098_26755/WGS/HRP0098/current/HRP0098.bam,NA
HRP0099,HRP0099,/seq/picard_aggregation/RP-2615.G03_HRP0099_26755/WGS/HRP0099/current/HRP0099.bam,NA
HRP0100,HRP0100,/seq/picard_aggregation/RP-2615.G04_HRP0100_26755/WGS/HRP0100/current/HRP0100.bam,NA
HRP0101,HRP0101,/seq/picard_aggregation/RP-2615.G05_HRP0101_26755/WGS/HRP0101/current/HRP0101.bam,NA
HRP0102,HRP0102,/seq/picard_aggregation/RP-2615.G06_HRP0102_26755/WGS/HRP0102/current/HRP0102.bam,NA
HRP0103,HRP0103,/seq/picard_aggregation/RP-2615.G07_HRP0103_26755/WGS/HRP0103/current/HRP0103.bam,NA
HRP0105,HRP0105,/seq/picard_aggregation/RP-2615.G08_HRP0105_26755/WGS/HRP0105/current/HRP0105.bam,NA
HRP0106,HRP0106,/seq/picard_aggregation/RP-2615.G09_HRP0106_26755/WGS/HRP0106/current/HRP0106.bam,NA
HRP0107,HRP0107,/seq/picard_aggregation/RP-2615.G10_HRP0107_26755/WGS/HRP0107/current/HRP0107.bam,NA
HRP0108,HRP0108,/seq/picard_aggregation/RP-2615.G11_HRP0108_26755/WGS/HRP0108/current/HRP0108.bam,NA
HRP0109,HRP0109,/seq/picard_aggregation/RP-2615.A03_HRP0109_26755/WGS/HRP0109/current/HRP0109.bam,NA
HRP0110,HRP0110,/seq/picard_aggregation/RP-2615.H01_HRP0110_26755/WGS/HRP0110/current/HRP0110.bam,NA
HRP0111,HRP0111,/seq/picard_aggregation/RP-2615.H02_HRP0111_26755/WGS/HRP0111/current/HRP0111.bam,NA
HRP0112,HRP0112,/seq/picard_aggregation/RP-2615.H03_HRP0112_26755/WGS/HRP0112/current/HRP0112.bam,NA
HRP0113,HRP0113,/seq/picard_aggregation/RP-2615.H04_HRP0113_26755/WGS/HRP0113/current/HRP0113.bam,NA
HRP0114,HRP0114,/seq/picard_aggregation/RP-2615.H05_HRP0114_26755/WGS/HRP0114/current/HRP0114.bam,NA
HRP0115,HRP0115,/seq/picard_aggregation/RP-2615.H06_HRP0115_26755/WGS/HRP0115/current/HRP0115.bam,NA
HRP0116,HRP0116,/seq/picard_aggregation/RP-2615.H07_HRP0116_26755/WGS/HRP0116/current/HRP0116.bam,NA
HRP0117,HRP0117,/seq/picard_aggregation/RP-2615.H08_HRP0117_26755/WGS/HRP0117/current/HRP0117.bam,NA
HRP0118,HRP0118,/seq/picard_aggregation/RP-2615.H09_HRP0118_26755/WGS/HRP0118/current/HRP0118.bam,NA
HRP0119,HRP0119,/seq/picard_aggregation/RP-2615.H10_HRP0119_26755/WGS/HRP0119/current/HRP0119.bam,NA
HRP0120,HRP0120,/seq/picard_aggregation/RP-2615.H11_HRP0120_26755/WGS/HRP0120/current/HRP0120.bam,NA
HRP0121,HRP0121,/seq/picard_aggregation/RP-2615.H12_HRP0121_26752/WGS/HRP0121/current/HRP0121.bam,NA
HRP0122,HRP0122,/seq/picard_aggregation/RP-2615.F03_HRP0122_26754/WGS/HRP0122/current/HRP0122.bam,NA
HRP0123,HRP0123,/seq/picard_aggregation/RP-2615.A02_HRP0123_26755/WGS/HRP0123/current/HRP0123.bam,NA
HRP0124,HRP0124,/seq/picard_aggregation/RP-2615.F04_HRP0124_26754/WGS/HRP0124/current/HRP0124.bam,NA
HRP0126,HRP0126,/seq/picard_aggregation/RP-2615.F05_HRP0126_26754/WGS/HRP0126/current/HRP0126.bam,NA
HRP0127,HRP0127,/seq/picard_aggregation/RP-2615.F06_HRP0127_26754/WGS/HRP0127/current/HRP0127.bam,NA
HRP0128,HRP0128,/seq/picard_aggregation/RP-2615.F07_HRP0128_26754/WGS/HRP0128/current/HRP0128.bam,NA
HRP0129,HRP0129,/seq/picard_aggregation/RP-2615.F08_HRP0129_26754/WGS/HRP0129/current/HRP0129.bam,NA
HRP0130,HRP0130,/seq/picard_aggregation/RP-2615.F09_HRP0130_26754/WGS/HRP0130/current/HRP0130.bam,NA
HRP0131,HRP0131,/seq/picard_aggregation/RP-2615.F10_HRP0131_26754/WGS/HRP0131/current/HRP0131.bam,NA
HRP0132,HRP0132,/seq/picard_aggregation/RP-2615.F11_HRP0132_26754/WGS/HRP0132/current/HRP0132.bam,NA
HRP0133,HRP0133,/seq/picard_aggregation/RP-2615.A03_HRP0133_26754/WGS/HRP0133/current/HRP0133.bam,NA
HRP0134,HRP0134,/seq/picard_aggregation/RP-2615.G01_HRP0134_26754/WGS/HRP0134/current/HRP0134.bam,NA
HRP0135,HRP0135,/seq/picard_aggregation/RP-2615.G02_HRP0135_26754/WGS/HRP0135/current/HRP0135.bam,NA
HRP0136,HRP0136,/seq/picard_aggregation/RP-2615.G03_HRP0136_26754/WGS/HRP0136/current/HRP0136.bam,NA
HRP0137,HRP0137,/seq/picard_aggregation/RP-2615.G04_HRP0137_26754/WGS/HRP0137/current/HRP0137.bam,NA
HRP0138,HRP0138,/seq/picard_aggregation/RP-2615.G05_HRP0138_26754/WGS/HRP0138/current/HRP0138.bam,NA
HRP0139,HRP0139,/seq/picard_aggregation/RP-2615.G06_HRP0139_26754/WGS/HRP0139/current/HRP0139.bam,NA
HRP0140,HRP0140,/seq/picard_aggregation/RP-2615.G07_HRP0140_26754/WGS/HRP0140/current/HRP0140.bam,NA
HRP0142,HRP0142,/seq/picard_aggregation/RP-2615.G08_HRP0142_26754/WGS/HRP0142/current/HRP0142.bam,NA
HRP0143,HRP0143,/seq/picard_aggregation/RP-2615.G09_HRP0143_26754/WGS/HRP0143/current/HRP0143.bam,NA
HRP0144,HRP0144,/seq/picard_aggregation/RP-2615.G10_HRP0144_26754/WGS/HRP0144/current/HRP0144.bam,NA
HRP0145,HRP0145,/seq/picard_aggregation/RP-2615.G11_HRP0145_26754/WGS/HRP0145/current/HRP0145.bam,NA
HRP0146,HRP0146,/seq/picard_aggregation/RP-2615.A02_HRP0146_26754/WGS/HRP0146/current/HRP0146.bam,NA
HRP0147,HRP0147,/seq/picard_aggregation/RP-2615.H01_HRP0147_26754/WGS/HRP0147/current/HRP0147.bam,NA
HRP0148,HRP0148,/seq/picard_aggregation/RP-2615.H02_HRP0148_26754/WGS/HRP0148/current/HRP0148.bam,NA
HRP0149,HRP0149,/seq/picard_aggregation/RP-2615.H03_HRP0149_26754/WGS/HRP0149/current/HRP0149.bam,NA
HRP0150,HRP0150,/seq/picard_aggregation/RP-2615.H04_HRP0150_26754/WGS/HRP0150/current/HRP0150.bam,NA
HRP0151,HRP0151,/seq/picard_aggregation/RP-2615.H11_HRP0151_26748/WGS/HRP0151/current/HRP0151.bam,NA
HRP0152,HRP0152,/seq/picard_aggregation/RP-2615.G12_HRP0152_26748/WGS/HRP0152/current/HRP0152.bam,NA
HRP0153,HRP0153,/seq/picard_aggregation/RP-2615.H12_HRP0153_26748/WGS/HRP0153/current/HRP0153.bam,NA
HRP0154,HRP0154,/seq/picard_aggregation/RP-2615.A01_HRP0154_26748/WGS/HRP0154/current/HRP0154.bam,NA
HRP0155,HRP0155,/seq/picard_aggregation/RP-2615.A02_HRP0155_26748/WGS/HRP0155/current/HRP0155.bam,NA
HRP0156,HRP0156,/seq/picard_aggregation/RP-2615.B04_HRP0156_26753/WGS/HRP0156/current/HRP0156.bam,NA
HRP0159,HRP0159,/seq/picard_aggregation/RP-2615.B05_HRP0159_26753/WGS/HRP0159/current/HRP0159.bam,NA
HRP0160,HRP0160,/seq/picard_aggregation/RP-2615.B06_HRP0160_26753/WGS/HRP0160/current/HRP0160.bam,NA
HRP0161,HRP0161,/seq/picard_aggregation/RP-2615.B07_HRP0161_26753/WGS/HRP0161/current/HRP0161.bam,NA
HRP0162,HRP0162,/seq/picard_aggregation/RP-2615.B08_HRP0162_26753/WGS/HRP0162/current/HRP0162.bam,NA
HRP0163,HRP0163,/seq/picard_aggregation/RP-2615.B09_HRP0163_26753/WGS/HRP0163/current/HRP0163.bam,NA
HRP0164,HRP0164,/seq/picard_aggregation/RP-2615.B10_HRP0164_26753/WGS/HRP0164/current/HRP0164.bam,NA
HRP0166,HRP0166,/seq/picard_aggregation/RP-2615.B11_HRP0166_26753/WGS/HRP0166/current/HRP0166.bam,NA
HRP0167,HRP0167,/seq/picard_aggregation/RP-2615.B12_HRP0167_26753/WGS/HRP0167/current/HRP0167.bam,NA
HRP0168,HRP0168,/seq/picard_aggregation/RP-2615.H10_HRP0168_26749/WGS/HRP0168/current/HRP0168.bam,NA
HRP0169,HRP0169,/seq/picard_aggregation/RP-2615.C01_HRP0169_26753/WGS/HRP0169/current/HRP0169.bam,NA
HRP0170,HRP0170,/seq/picard_aggregation/RP-2615.H11_HRP0170_26749/WGS/HRP0170/current/HRP0170.bam,NA
HRP0171,HRP0171,/seq/picard_aggregation/RP-2615.C02_HRP0171_26753/WGS/HRP0171/current/HRP0171.bam,NA
HRP0172,HRP0172,/seq/picard_aggregation/RP-2615.C03_HRP0172_26753/WGS/HRP0172/current/HRP0172.bam,NA
HRP0173,HRP0173,/seq/picard_aggregation/RP-2615.C04_HRP0173_26753/WGS/HRP0173/current/HRP0173.bam,NA
HRP0174,HRP0174,/seq/picard_aggregation/RP-2615.C05_HRP0174_26753/WGS/HRP0174/current/HRP0174.bam,NA
HRP0175,HRP0175,/seq/picard_aggregation/RP-2615.C06_HRP0175_26753/WGS/HRP0175/current/HRP0175.bam,NA
HRP0176,HRP0176,/seq/picard_aggregation/RP-2615.C07_HRP0176_26753/WGS/HRP0176/current/HRP0176.bam,NA
HRP0177,HRP0177,/seq/picard_aggregation/RP-2615.C08_HRP0177_26753/WGS/HRP0177/current/HRP0177.bam,NA
HRP0178,HRP0178,/seq/picard_aggregation/RP-2615.C09_HRP0178_26753/WGS/HRP0178/current/HRP0178.bam,NA
HRP0179,HRP0179,/seq/picard_aggregation/RP-2615.C10_HRP0179_26753/WGS/HRP0179/current/HRP0179.bam,NA
HRP0180,HRP0180,/seq/picard_aggregation/RP-2615.C11_HRP0180_26753/WGS/HRP0180/current/HRP0180.bam,NA
HRP0181,HRP0181,/seq/picard_aggregation/RP-2615.C12_HRP0181_26753/WGS/HRP0181/current/HRP0181.bam,NA
HRP0182,HRP0182,/seq/picard_aggregation/RP-2615.D01_HRP0182_26753/WGS/HRP0182/current/HRP0182.bam,NA
HRP0183,HRP0183,/seq/picard_aggregation/RP-2615.D02_HRP0183_26753/WGS/HRP0183/current/HRP0183.bam,NA
HRP0184,HRP0184,/seq/picard_aggregation/RP-2615.D03_HRP0184_26753/WGS/HRP0184/current/HRP0184.bam,NA
HRP0185,HRP0185,/seq/picard_aggregation/RP-2615.D04_HRP0185_26753/WGS/HRP0185/current/HRP0185.bam,NA
HRP0186,HRP0186,/seq/picard_aggregation/RP-2615.D05_HRP0186_26753/WGS/HRP0186/current/HRP0186.bam,NA
HRP0187,HRP0187,/seq/picard_aggregation/RP-2615.D06_HRP0187_26753/WGS/HRP0187/current/HRP0187.bam,NA
HRP0188,HRP0188,/seq/picard_aggregation/RP-2615.D07_HRP0188_26753/WGS/HRP0188/current/HRP0188.bam,NA
HRP0189,HRP0189,/seq/picard_aggregation/RP-2615.D08_HRP0189_26753/WGS/HRP0189/current/HRP0189.bam,NA
HRP0190,HRP0190,/seq/picard_aggregation/RP-2615.D09_HRP0190_26753/WGS/HRP0190/current/HRP0190.bam,NA
HRP0191,HRP0191,/seq/picard_aggregation/RP-2615.D10_HRP0191_26753/WGS/HRP0191/current/HRP0191.bam,NA
HRP0192,HRP0192,/seq/picard_aggregation/RP-2615.D11_HRP0192_26753/WGS/HRP0192/current/HRP0192.bam,NA
HRP0193,HRP0193,/seq/picard_aggregation/RP-2615.D12_HRP0193_26753/WGS/HRP0193/current/HRP0193.bam,NA
HRP0195,HRP0195,/seq/picard_aggregation/RP-2615.E01_HRP0195_26753/WGS/HRP0195/current/HRP0195.bam,NA
HRP0196,HRP0196,/seq/picard_aggregation/RP-2615.E02_HRP0196_26753/WGS/HRP0196/current/HRP0196.bam,NA
HRP0197,HRP0197,/seq/picard_aggregation/RP-2615.E03_HRP0197_26753/WGS/HRP0197/current/HRP0197.bam,NA
HRP0198,HRP0198,/seq/picard_aggregation/RP-2615.E04_HRP0198_26753/WGS/HRP0198/current/HRP0198.bam,NA
HRP0199,HRP0199,/seq/picard_aggregation/RP-2615.E05_HRP0199_26753/WGS/HRP0199/current/HRP0199.bam,NA
HRP0200,HRP0200,/seq/picard_aggregation/RP-2615.E07_HRP0200_26753/WGS/HRP0200/current/HRP0200.bam,NA
HRP0201,HRP0201,/seq/picard_aggregation/RP-2615.E08_HRP0201_26753/WGS/HRP0201/current/HRP0201.bam,NA
HRP0202,HRP0202,/seq/picard_aggregation/RP-2615.E09_HRP0202_26753/WGS/HRP0202/current/HRP0202.bam,NA
HRP0203,HRP0203,/seq/picard_aggregation/RP-2615.E10_HRP0203_26753/WGS/HRP0203/current/HRP0203.bam,NA
HRP0204,HRP0204,/seq/picard_aggregation/RP-2615.E11_HRP0204_26753/WGS/HRP0204/current/HRP0204.bam,NA
HRP0205,HRP0205,/seq/picard_aggregation/RP-2615.E12_HRP0205_26753/WGS/HRP0205/current/HRP0205.bam,NA
HRP0206,HRP0206,/seq/picard_aggregation/RP-2615.E06_HRP0206_26753/WGS/HRP0206/current/HRP0206.bam,NA
HRP0207,HRP0207,/seq/picard_aggregation/RP-2615.F01_HRP0207_26753/WGS/HRP0207/current/HRP0207.bam,NA
HRP0208,HRP0208,/seq/picard_aggregation/RP-2615.F02_HRP0208_26753/WGS/HRP0208/current/HRP0208.bam,NA
HRP0209,HRP0209,/seq/picard_aggregation/RP-2615.F03_HRP0209_26753/WGS/HRP0209/current/HRP0209.bam,NA
HRP0210,HRP0210,/seq/picard_aggregation/RP-2615.F04_HRP0210_26753/WGS/HRP0210/current/HRP0210.bam,NA
HRP0211,HRP0211,/seq/picard_aggregation/RP-2615.F05_HRP0211_26753/WGS/HRP0211/current/HRP0211.bam,NA
HRP0212,HRP0212,/seq/picard_aggregation/RP-2615.F06_HRP0212_26753/WGS/HRP0212/current/HRP0212.bam,NA
HRP0213,HRP0213,/seq/picard_aggregation/RP-2615.F07_HRP0213_26753/WGS/HRP0213/current/HRP0213.bam,NA
HRP0214,HRP0214,/seq/picard_aggregation/RP-2615.F08_HRP0214_26753/WGS/HRP0214/current/HRP0214.bam,NA
HRP0215,HRP0215,/seq/picard_aggregation/RP-2615.F09_HRP0215_26753/WGS/HRP0215/current/HRP0215.bam,NA
HRP0216,HRP0216,/seq/picard_aggregation/RP-2615.F10_HRP0216_26753/WGS/HRP0216/current/HRP0216.bam,NA
HRP0217,HRP0217,/seq/picard_aggregation/RP-2615.F11_HRP0217_26753/WGS/HRP0217/current/HRP0217.bam,NA
HRP0218,HRP0218,/seq/picard_aggregation/RP-2615.A03_HRP0218_26753/WGS/HRP0218/current/HRP0218.bam,NA
HRP0219,HRP0219,/seq/picard_aggregation/RP-2615.G01_HRP0219_26753/WGS/HRP0219/current/HRP0219.bam,NA
HRP0220,HRP0220,/seq/picard_aggregation/RP-2615.G02_HRP0220_26753/WGS/HRP0220/current/HRP0220.bam,NA
HRP0221,HRP0221,/seq/picard_aggregation/RP-2615.G03_HRP0221_26753/WGS/HRP0221/current/HRP0221.bam,NA
HRP0222,HRP0222,/seq/picard_aggregation/RP-2615.G04_HRP0222_26753/WGS/HRP0222/current/HRP0222.bam,NA
HRP0224,HRP0224,/seq/picard_aggregation/RP-2615.G05_HRP0224_26753/WGS/HRP0224/current/HRP0224.bam,NA
HRP0225,HRP0225,/seq/picard_aggregation/RP-2615.G06_HRP0225_26753/WGS/HRP0225/current/HRP0225.bam,NA
HRP0226,HRP0226,/seq/picard_aggregation/RP-2615.G07_HRP0226_26753/WGS/HRP0226/current/HRP0226.bam,NA
HRP0227,HRP0227,/seq/picard_aggregation/RP-2615.G08_HRP0227_26753/WGS/HRP0227/current/HRP0227.bam,NA
HRP0228,HRP0228,/seq/picard_aggregation/RP-2615.G09_HRP0228_26753/WGS/HRP0228/current/HRP0228.bam,NA
HRP0229,HRP0229,/seq/picard_aggregation/RP-2615.G10_HRP0229_26753/WGS/HRP0229/current/HRP0229.bam,NA
HRP0231,HRP0231,/seq/picard_aggregation/RP-2615.G11_HRP0231_26753/WGS/HRP0231/current/HRP0231.bam,NA
HRP0232,HRP0232,/seq/picard_aggregation/RP-2615.A02_HRP0232_26753/WGS/HRP0232/current/HRP0232.bam,NA
HRP0233,HRP0233,/seq/picard_aggregation/RP-2615.H01_HRP0233_26753/WGS/HRP0233/current/HRP0233.bam,NA
HRP0234,HRP0234,/seq/picard_aggregation/RP-2615.H02_HRP0234_26753/WGS/HRP0234/current/HRP0234.bam,NA
HRP0235,HRP0235,/seq/picard_aggregation/RP-2615.H03_HRP0235_26753/WGS/HRP0235/current/HRP0235.bam,NA
HRP0236,HRP0236,/seq/picard_aggregation/RP-2615.H04_HRP0236_26753/WGS/HRP0236/current/HRP0236.bam,NA
HRP0237,HRP0237,/seq/picard_aggregation/RP-2615.H05_HRP0237_26753/WGS/HRP0237/current/HRP0237.bam,NA
HRP0238,HRP0238,/seq/picard_aggregation/RP-2615.H06_HRP0238_26753/WGS/HRP0238/current/HRP0238.bam,NA
HRP0239,HRP0239,/seq/picard_aggregation/RP-2615.H07_HRP0239_26753/WGS/HRP0239/current/HRP0239.bam,NA
HRP0240,HRP0240,/seq/picard_aggregation/RP-2615.H08_HRP0240_26753/WGS/HRP0240/current/HRP0240.bam,NA
HRP0241,HRP0241,/seq/picard_aggregation/RP-2615.H09_HRP0241_26753/WGS/HRP0241/current/HRP0241.bam,NA
HRP0243,HRP0243,/seq/picard_aggregation/RP-2615.H10_HRP0243_26753/WGS/HRP0243/current/HRP0243.bam,NA
HRP0257,HRP0257,/seq/picard_aggregation/RP-2615.A07_HRP0257_26752/WGS/HRP0257/current/HRP0257.bam,NA
HRP0258,HRP0258,/seq/picard_aggregation/RP-2615.A08_HRP0258_26752/WGS/HRP0258/current/HRP0258.bam,NA
HRP0259,HRP0259,/seq/picard_aggregation/RP-2615.A09_HRP0259_26752/WGS/HRP0259/current/HRP0259.bam,NA
HRP0260,HRP0260,/seq/picard_aggregation/RP-2615.A10_HRP0260_26752/WGS/HRP0260/current/HRP0260.bam,NA
HRP0261,HRP0261,/seq/picard_aggregation/RP-2615.A11_HRP0261_26752/WGS/HRP0261/current/HRP0261.bam,NA
HRP0263,HRP0263,/seq/picard_aggregation/RP-2615.A12_HRP0263_26752/WGS/HRP0263/current/HRP0263.bam,NA
HRP0264,HRP0264,/seq/picard_aggregation/RP-2615.B01_HRP0264_26752/WGS/HRP0264/current/HRP0264.bam,NA
HRP0265,HRP0265,/seq/picard_aggregation/RP-2615.B02_HRP0265_26752/WGS/HRP0265/current/HRP0265.bam,NA
HRP0266,HRP0266,/seq/picard_aggregation/RP-2615.B03_HRP0266_26752/WGS/HRP0266/current/HRP0266.bam,NA
HRP0267,HRP0267,/seq/picard_aggregation/RP-2615.B04_HRP0267_26752/WGS/HRP0267/current/HRP0267.bam,NA
HRP0268,HRP0268,/seq/picard_aggregation/RP-2615.B05_HRP0268_26752/WGS/HRP0268/current/HRP0268.bam,NA
HRP0269,HRP0269,/seq/picard_aggregation/RP-2615.B06_HRP0269_26752/WGS/HRP0269/current/HRP0269.bam,NA
HRP0270,HRP0270,/seq/picard_aggregation/RP-2615.B07_HRP0270_26752/WGS/HRP0270/current/HRP0270.bam,NA
HRP0271,HRP0271,/seq/picard_aggregation/RP-2615.B09_HRP0271_26752/WGS/HRP0271/current/HRP0271.bam,NA
HRP0273,HRP0273,/seq/picard_aggregation/RP-2615.B10_HRP0273_26752/WGS/HRP0273/current/HRP0273.bam,NA
HRP0274,HRP0274,/seq/picard_aggregation/RP-2615.B11_HRP0274_26752/WGS/HRP0274/current/HRP0274.bam,NA
HRP0275,HRP0275,/seq/picard_aggregation/RP-2615.B12_HRP0275_26752/WGS/HRP0275/current/HRP0275.bam,NA
HRP0276,HRP0276,/seq/picard_aggregation/RP-2615.C01_HRP0276_26752/WGS/HRP0276/current/HRP0276.bam,NA
HRP0277,HRP0277,/seq/picard_aggregation/RP-2615.C02_HRP0277_26752/WGS/HRP0277/current/HRP0277.bam,NA
HRP0278,HRP0278,/seq/picard_aggregation/RP-2615.C03_HRP0278_26752/WGS/HRP0278/current/HRP0278.bam,NA
HRP0281,HRP0281,/seq/picard_aggregation/RP-2615.C04_HRP0281_26752/WGS/HRP0281/current/HRP0281.bam,NA
HRP0282,HRP0282,/seq/picard_aggregation/RP-2615.C05_HRP0282_26752/WGS/HRP0282/current/HRP0282.bam,NA
HRP0284,HRP0284,/seq/picard_aggregation/RP-2615.C06_HRP0284_26752/WGS/HRP0284/current/HRP0284.bam,NA
HRP0285,HRP0285,/seq/picard_aggregation/RP-2615.C07_HRP0285_26752/WGS/HRP0285/current/HRP0285.bam,NA
HRP0286,HRP0286,/seq/picard_aggregation/RP-2615.C08_HRP0286_26752/WGS/HRP0286/current/HRP0286.bam,NA
HRP0287,HRP0287,/seq/picard_aggregation/RP-2615.C09_HRP0287_26752/WGS/HRP0287/current/HRP0287.bam,NA
HRP0288,HRP0288,/seq/picard_aggregation/RP-2615.C10_HRP0288_26752/WGS/HRP0288/current/HRP0288.bam,NA
HRP0289,HRP0289,/seq/picard_aggregation/RP-2615.C11_HRP0289_26752/WGS/HRP0289/current/HRP0289.bam,NA
HRP0290,HRP0290,/seq/picard_aggregation/RP-2615.C12_HRP0290_26752/WGS/HRP0290/current/HRP0290.bam,NA
HRP0291,HRP0291,/seq/picard_aggregation/RP-2615.D01_HRP0291_26752/WGS/HRP0291/current/HRP0291.bam,NA
HRP0292,HRP0292,/seq/picard_aggregation/RP-2615.D02_HRP0292_26752/WGS/HRP0292/current/HRP0292.bam,NA
HRP0293,HRP0293,/seq/picard_aggregation/RP-2615.D03_HRP0293_26752/WGS/HRP0293/current/HRP0293.bam,NA
HRP0294,HRP0294,/seq/picard_aggregation/RP-2615.D04_HRP0294_26752/WGS/HRP0294/current/HRP0294.bam,NA
HRP0295,HRP0295,/seq/picard_aggregation/RP-2615.D05_HRP0295_26752/WGS/HRP0295/current/HRP0295.bam,NA
HRP0296,HRP0296,/seq/picard_aggregation/RP-2615.D06_HRP0296_26752/WGS/HRP0296/current/HRP0296.bam,NA
HRP0297,HRP0297,/seq/picard_aggregation/RP-2615.D07_HRP0297_26752/WGS/HRP0297/current/HRP0297.bam,NA
HRP0298,HRP0298,/seq/picard_aggregation/RP-2615.D08_HRP0298_26752/WGS/HRP0298/current/HRP0298.bam,NA
HRP0299,HRP0299,/seq/picard_aggregation/RP-2615.D09_HRP0299_26752/WGS/HRP0299/current/HRP0299.bam,NA
HRP0300,HRP0300,/seq/picard_aggregation/RP-2615.D10_HRP0300_26752/WGS/HRP0300/current/HRP0300.bam,NA
HRP0301,HRP0301,/seq/picard_aggregation/RP-2615.E05_HRP0301_26748/WGS/HRP0301/current/HRP0301.bam,NA
HRP0302,HRP0302,/seq/picard_aggregation/RP-2615.E06_HRP0302_26748/WGS/HRP0302/current/HRP0302.bam,NA
HRP0304,HRP0304,/seq/picard_aggregation/RP-2615.E07_HRP0304_26748/WGS/HRP0304/current/HRP0304.bam,NA
HRP0305,HRP0305,/seq/picard_aggregation/RP-2615.E08_HRP0305_26748/WGS/HRP0305/current/HRP0305.bam,NA
HRP0306,HRP0306,/seq/picard_aggregation/RP-2615.E09_HRP0306_26748/WGS/HRP0306/current/HRP0306.bam,NA
HRP0307,HRP0307,/seq/picard_aggregation/RP-2615.E10_HRP0307_26748/WGS/HRP0307/current/HRP0307.bam,NA
HRP0309,HRP0309,/seq/picard_aggregation/RP-2615.E12_HRP0309_26748/WGS/HRP0309/current/HRP0309.bam,NA
HRP0310,HRP0310,/seq/picard_aggregation/RP-2615.F01_HRP0310_26748/WGS/HRP0310/current/HRP0310.bam,NA
HRP0311,HRP0311,/seq/picard_aggregation/RP-2615.F02_HRP0311_26748/WGS/HRP0311/current/HRP0311.bam,NA
HRP0312,HRP0312,/seq/picard_aggregation/RP-2615.F03_HRP0312_26748/WGS/HRP0312/current/HRP0312.bam,NA
HRP0313,HRP0313,/seq/picard_aggregation/RP-2615.F04_HRP0313_26748/WGS/HRP0313/current/HRP0313.bam,NA
HRP0314,HRP0314,/seq/picard_aggregation/RP-2615.F05_HRP0314_26748/WGS/HRP0314/current/HRP0314.bam,NA
HRP0315,HRP0315,/seq/picard_aggregation/RP-2615.F06_HRP0315_26748/WGS/HRP0315/current/HRP0315.bam,NA
HRP0316,HRP0316,/seq/picard_aggregation/RP-2615.F07_HRP0316_26748/WGS/HRP0316/current/HRP0316.bam,NA
HRP0317,HRP0317,/seq/picard_aggregation/RP-2615.F08_HRP0317_26748/WGS/HRP0317/current/HRP0317.bam,NA
HRP0319,HRP0319,/seq/picard_aggregation/RP-2615.F09_HRP0319_26748/WGS/HRP0319/current/HRP0319.bam,NA
HRP0320,HRP0320,/seq/picard_aggregation/RP-2615.F10_HRP0320_26748/WGS/HRP0320/current/HRP0320.bam,NA
HRP0321,HRP0321,/seq/picard_aggregation/RP-2615.F11_HRP0321_26748/WGS/HRP0321/current/HRP0321.bam,NA
HRP0322,HRP0322,/seq/picard_aggregation/RP-2615.A08_HRP0322_26748/WGS/HRP0322/current/HRP0322.bam,NA
HRP0323,HRP0323,/seq/picard_aggregation/RP-2615.G01_HRP0323_26748/WGS/HRP0323/current/HRP0323.bam,NA
HRP0324,HRP0324,/seq/picard_aggregation/RP-2615.G02_HRP0324_26748/WGS/HRP0324/current/HRP0324.bam,NA
HRP0325,HRP0325,/seq/picard_aggregation/RP-2615.G03_HRP0325_26748/WGS/HRP0325/current/HRP0325.bam,NA
HRP0326,HRP0326,/seq/picard_aggregation/RP-2615.G04_HRP0326_26748/WGS/HRP0326/current/HRP0326.bam,NA
HRP0327,HRP0327,/seq/picard_aggregation/RP-2615.G05_HRP0327_26748/WGS/HRP0327/current/HRP0327.bam,NA
HRP0328,HRP0328,/seq/picard_aggregation/RP-2615.G06_HRP0328_26748/WGS/HRP0328/current/HRP0328.bam,NA
HRP0329,HRP0329,/seq/picard_aggregation/RP-2615.G07_HRP0329_26748/WGS/HRP0329/current/HRP0329.bam,NA
HRP0330,HRP0330,/seq/picard_aggregation/RP-2615.G08_HRP0330_26748/WGS/HRP0330/current/HRP0330.bam,NA
HRP0331,HRP0331,/seq/picard_aggregation/RP-2615.G09_HRP0331_26748/WGS/HRP0331/current/HRP0331.bam,NA
HRP0332,HRP0332,/seq/picard_aggregation/RP-2615.G10_HRP0332_26748/WGS/HRP0332/current/HRP0332.bam,NA
HRP0333,HRP0333,/seq/picard_aggregation/RP-2615.G11_HRP0333_26748/WGS/HRP0333/current/HRP0333.bam,NA
HRP0334,HRP0334,/seq/picard_aggregation/RP-2615.A09_HRP0334_26748/WGS/HRP0334/current/HRP0334.bam,NA
HRP0335,HRP0335,/seq/picard_aggregation/RP-2615.H01_HRP0335_26748/WGS/HRP0335/current/HRP0335.bam,NA
HRP0336,HRP0336,/seq/picard_aggregation/RP-2615.H02_HRP0336_26748/WGS/HRP0336/current/HRP0336.bam,NA
HRP0338,HRP0338,/seq/picard_aggregation/RP-2615.H03_HRP0338_26748/WGS/HRP0338/current/HRP0338.bam,NA
HRP0339,HRP0339,/seq/picard_aggregation/RP-2615.H04_HRP0339_26748/WGS/HRP0339/current/HRP0339.bam,NA
HRP0340,HRP0340,/seq/picard_aggregation/RP-2615.H05_HRP0340_26748/WGS/HRP0340/current/HRP0340.bam,NA
HRP0341,HRP0341,/seq/picard_aggregation/RP-2615.H06_HRP0341_26748/WGS/HRP0341/current/HRP0341.bam,NA
HRP0342,HRP0342,/seq/picard_aggregation/RP-2615.H07_HRP0342_26748/WGS/HRP0342/current/HRP0342.bam,NA
HRP0345,HRP0345,/seq/picard_aggregation/RP-2615.H09_HRP0345_26748/WGS/HRP0345/current/HRP0345.bam,NA
HRP0346,HRP0346,/seq/picard_aggregation/RP-2615.H10_HRP0346_26748/WGS/HRP0346/current/HRP0346.bam,NA
HRP0347,HRP0347,/seq/picard_aggregation/RP-2615.A10_HRP0347_26748/WGS/HRP0347/current/HRP0347.bam,NA
HRP0348,HRP0348,/seq/picard_aggregation/RP-2615.A07_HRP0348_26748/WGS/HRP0348/current/HRP0348.bam,NA
HRP0349,HRP0349,/seq/picard_aggregation/RP-2615.F12_HRP0349_26748/WGS/HRP0349/current/HRP0349.bam,NA
HRP0352,HRP0352,/seq/picard_aggregation/RP-2615.C04_HRP0352_26748/WGS/HRP0352/current/HRP0352.bam,NA
HRP0353,HRP0353,/seq/picard_aggregation/RP-2615.C05_HRP0353_26748/WGS/HRP0353/current/HRP0353.bam,NA
HRP0354,HRP0354,/seq/picard_aggregation/RP-2615.C06_HRP0354_26748/WGS/HRP0354/current/HRP0354.bam,NA
HRP0355,HRP0355,/seq/picard_aggregation/RP-2615.C07_HRP0355_26748/WGS/HRP0355/current/HRP0355.bam,NA
HRP0356,HRP0356,/seq/picard_aggregation/RP-2615.C08_HRP0356_26748/WGS/HRP0356/current/HRP0356.bam,NA
HRP0357,HRP0357,/seq/picard_aggregation/RP-2615.C09_HRP0357_26748/WGS/HRP0357/current/HRP0357.bam,NA
HRP0358,HRP0358,/seq/picard_aggregation/RP-2615.C10_HRP0358_26748/WGS/HRP0358/current/HRP0358.bam,NA
HRP0359,HRP0359,/seq/picard_aggregation/RP-2615.C11_HRP0359_26748/WGS/HRP0359/current/HRP0359.bam,NA
HRP0360,HRP0360,/seq/picard_aggregation/RP-2615.C12_HRP0360_26748/WGS/HRP0360/current/HRP0360.bam,NA
HRP0361,HRP0361,/seq/picard_aggregation/RP-2615.D01_HRP0361_26748/WGS/HRP0361/current/HRP0361.bam,NA
HRP0362,HRP0362,/seq/picard_aggregation/RP-2615.D02_HRP0362_26748/WGS/HRP0362/current/HRP0362.bam,NA
HRP0363,HRP0363,/seq/picard_aggregation/RP-2615.D03_HRP0363_26748/WGS/HRP0363/current/HRP0363.bam,NA
HRP0364,HRP0364,/seq/picard_aggregation/RP-2615.D04_HRP0364_26748/WGS/HRP0364/current/HRP0364.bam,NA
HRP0365,HRP0365,/seq/picard_aggregation/RP-2615.D05_HRP0365_26748/WGS/HRP0365/current/HRP0365.bam,NA
HRP0366,HRP0366,/seq/picard_aggregation/RP-2615.D06_HRP0366_26748/WGS/HRP0366/current/HRP0366.bam,NA
HRP0367,HRP0367,/seq/picard_aggregation/RP-2615.D07_HRP0367_26748/WGS/HRP0367/current/HRP0367.bam,NA
HRP0368,HRP0368,/seq/picard_aggregation/RP-2615.D08_HRP0368_26748/WGS/HRP0368/current/HRP0368.bam,NA
HRP0369,HRP0369,/seq/picard_aggregation/RP-2615.D09_HRP0369_26748/WGS/HRP0369/current/HRP0369.bam,NA
HRP0370,HRP0370,/seq/picard_aggregation/RP-2615.D10_HRP0370_26748/WGS/HRP0370/current/HRP0370.bam,NA
HRP0371,HRP0371,/seq/picard_aggregation/RP-2615.D11_HRP0371_26748/WGS/HRP0371/current/HRP0371.bam,NA
HRP0372,HRP0372,/seq/picard_aggregation/RP-2615.D12_HRP0372_26748/WGS/HRP0372/current/HRP0372.bam,NA
HRP0373,HRP0373,/seq/picard_aggregation/RP-2615.E01_HRP0373_26748/WGS/HRP0373/current/HRP0373.bam,NA
HRP0374,HRP0374,/seq/picard_aggregation/RP-2615.E02_HRP0374_26748/WGS/HRP0374/current/HRP0374.bam,NA
HRP0375,HRP0375,/seq/picard_aggregation/RP-2615.E03_HRP0375_26748/WGS/HRP0375/current/HRP0375.bam,NA
HRP0376,HRP0376,/seq/picard_aggregation/RP-2615.E04_HRP0376_26748/WGS/HRP0376/current/HRP0376.bam,NA
HRP0377,HRP0377,/seq/picard_aggregation/RP-2615.A11_HRP0377_26748/WGS/HRP0377/current/HRP0377.bam,NA
HRP0378,HRP0378,/seq/picard_aggregation/RP-2615.A12_HRP0378_26748/WGS/HRP0378/current/HRP0378.bam,NA
HRP0379,HRP0379,/seq/picard_aggregation/RP-2615.B01_HRP0379_26748/WGS/HRP0379/current/HRP0379.bam,NA
HRP0380,HRP0380,/seq/picard_aggregation/RP-2615.B02_HRP0380_26748/WGS/HRP0380/current/HRP0380.bam,NA
HRP0381,HRP0381,/seq/picard_aggregation/RP-2615.B03_HRP0381_26748/WGS/HRP0381/current/HRP0381.bam,NA
HRP0382,HRP0382,/seq/picard_aggregation/RP-2615.B04_HRP0382_26748/WGS/HRP0382/current/HRP0382.bam,NA
HRP0383,HRP0383,/seq/picard_aggregation/RP-2615.B05_HRP0383_26748/WGS/HRP0383/current/HRP0383.bam,NA
HRP0384,HRP0384,/seq/picard_aggregation/RP-2615.B06_HRP0384_26748/WGS/HRP0384/current/HRP0384.bam,NA
HRP0385,HRP0385,/seq/picard_aggregation/RP-2615.B07_HRP0385_26748/WGS/HRP0385/current/HRP0385.bam,NA
HRP0386,HRP0386,/seq/picard_aggregation/RP-2615.B08_HRP0386_26748/WGS/HRP0386/current/HRP0386.bam,NA
HRP0387,HRP0387,/seq/picard_aggregation/RP-2615.B09_HRP0387_26748/WGS/HRP0387/current/HRP0387.bam,NA
HRP0388,HRP0388,/seq/picard_aggregation/RP-2615.B10_HRP0388_26748/WGS/HRP0388/current/HRP0388.bam,NA
HRP0389,HRP0389,/seq/picard_aggregation/RP-2615.B11_HRP0389_26748/WGS/HRP0389/current/HRP0389.bam,NA
HRP0390,HRP0390,/seq/picard_aggregation/RP-2615.B12_HRP0390_26748/WGS/HRP0390/current/HRP0390.bam,NA
HRP0391,HRP0391,/seq/picard_aggregation/RP-2615.C01_HRP0391_26748/WGS/HRP0391/current/HRP0391.bam,NA
HRP0393,HRP0393,/seq/picard_aggregation/RP-2615.C02_HRP0393_26748/WGS/HRP0393/current/HRP0393.bam,NA
HRP0394,HRP0394,/seq/picard_aggregation/RP-2615.C03_HRP0394_26748/WGS/HRP0394/current/HRP0394.bam,NA
HRP044,HRP0044,/seq/picard_aggregation/RP-2615.H08_HRP044_26748/WGS/HRP044/current/HRP044.bam,NA
NA-075,NA-075,/seq/picard_aggregation/RP-2615.G12_NA-075_26749/WGS/NA-075/current/NA-075.bam,NA
NA-145,NA-145,/seq/picard_aggregation/RP-2615.A07_NA-145_26749/WGS/NA-145/current/NA-145.bam,NA
NA-146,NA-146,/seq/picard_aggregation/RP-2615.H12_NA-146_26749/WGS/NA-146/current/NA-146.bam,NA
NA-199,NA-199,/seq/picard_aggregation/RP-2615.A08_NA-199_26749/WGS/NA-199/current/NA-199.bam,NA
NA-20,NA-020,/seq/picard_aggregation/RP-2615.F12_NA-20_26749/WGS/NA-20/current/NA-20.bam,NA
NE-01,NE-01,/seq/picard_aggregation/RP-2615.B04_NE-01_26749/WGS/NE-01/current/NE-01.bam,NA
NE-09,NE-09,/seq/picard_aggregation/RP-2615.B05_NE-09_26749/WGS/NE-09/current/NE-09.bam,NA
NE-10,NE-10,/seq/picard_aggregation/RP-2615.B06_NE-10_26749/WGS/NE-10/current/NE-10.bam,NA
NE-12,NE-12,/seq/picard_aggregation/RP-2615.B07_NE-12_26749/WGS/NE-12/current/NE-12.bam,NA
NE-14,NE-14,/seq/picard_aggregation/RP-2615.B08_NE-14_26749/WGS/NE-14/current/NE-14.bam,NA
NE-860,NE-860,/seq/picard_aggregation/RP-2615.B03_NE-860_26749/WGS/NE-860/current/NE-860.bam,NA
PSCH-003,PSCH-003,/seq/picard_aggregation/RP-2615.B09_PSCH-003_26749/WGS/PSCH-003/current/PSCH-003.bam,NA
PSCH-005,PSCH-005,/seq/picard_aggregation/RP-2615.B10_PSCH-005_26749/WGS/PSCH-005/current/PSCH-005.bam,NA
PSCH-010,PSCH-010,/seq/picard_aggregation/RP-2615.B11_PSCH-010_26749/WGS/PSCH-010/current/PSCH-010.bam,NA
PSCH-013,PSCH-013,/seq/picard_aggregation/RP-2615.B12_PSCH-013_26749/WGS/PSCH-013/current/PSCH-013.bam,NA
PSCH-019,PSCH-019,/seq/picard_aggregation/RP-2615.C01_PSCH-019_26749/WGS/PSCH-019/current/PSCH-019.bam,NA
